sampleid	PC1	PC2	PC3	PC4	PC5	PC6	PC7	PC8	PC9	PC10
1_0403_9699	0.14446540473960726	0.19907553169825112	-0.6508759661239844	-0.38894141812461175	-0.10043992951361634	0.15465716341625946	0.10018688854997315	-0.14531795759184973	-0.019791462820870808	0.09244969733183497
1_0410_9686	-0.32804197029135657	0.4994990379406328	-0.0875682173670716	-0.004415127701165133	-0.06886543734084569	0.017626177678799648	-0.09853979495840878	-0.03881895963843357	0.019619697127940417	-0.06143888717455096
1_0410_9687	-0.3771138913024388	0.5980426488028713	-0.09658447321386093	-0.09814768924652706	-0.13673833727933896	-0.04108427670357269	-0.11584056790236878	-0.0663874661556875	-0.016767242935924836	-0.008222875810896674
1_0410_9689	-0.2879182783846087	0.5634358009650041	-0.12988097787450134	-0.08350732259612027	-0.15920121775575075	-0.009633240553270464	-0.0999754590649898	0.04719414684776322	0.005053288786867914	0.03816913218644908
1_0410_9691	-0.10197387238041393	0.5151657243551816	-0.2229995219666444	-0.421500751188893	-0.08863212004456832	-0.07161629560769625	-0.161646402755772	-0.05331528122108069	-0.07337069708092644	0.04804354940270734
1_0410_9692	0.027186636950257727	0.4698082597521585	-0.27560672912472783	-0.166756359581967	-0.10500077383426508	0.07300923211522867	-0.08029569709667085	0.1553206182269679	0.0030664321489467824	0.06637910661125096
1_0410_9693	-0.11714301479064294	0.5470730191638787	-0.20184448257307394	-0.23189424009223122	0.05588893590881217	-0.046787319078574856	-0.1819413745365348	0.1913736521451386	-0.0027337604578973563	0.011320878150190273
1_0410_9694	-0.08109686605640759	0.45121037532638686	-0.27511092377795304	-0.3758754929411423	-0.07218334794703857	-0.023949565527486116	-0.1479272951090448	0.04971767827233776	-0.003020152123131292	0.045883138886765915
1_0410_9697	-0.1842251011274065	0.603310478564681	-0.05812571340303438	-0.12258952091106862	-0.325692730294096	-0.009753969808872694	-0.13113203192078954	-0.12146782107393252	-0.007298910648071815	0.04262374709747985
1_0410_9698	-0.3228850289910506	0.6468817652866463	-0.01840047313829746	0.01875022648630943	-0.1749077511922808	-0.06895569633777747	0.04639217827135964	-0.28879040275284373	-0.017675699321108972	-0.037288270712914295
1_0410_9699	-0.2468803624694606	0.42093140005597435	-0.12867759466977272	-0.09691252383157378	0.17544285226263504	0.030500807798740846	-0.08540528995582902	0.019216698249699567	0.03704755177802975	-0.04015484218602305
1_0415_9687	0.9665641153243534	-0.3518524179166867	-0.05536667916419924	0.34227222383606953	-0.07524775094321216	-0.18600814095451182	0.2325282422137293	0.0036869917621810827	-0.058542336326273633	-0.02760399821910245
1_0415_9689	-0.3890433972551731	-0.6319098416986866	-0.18254951270084546	0.1041790784915003	-0.16519433901504987	-0.002291118812215891	0.0027502348447172764	0.09561166907880636	-0.10193236657337967	-0.18134024783801023
1_0415_9691	0.9738485401143712	-0.3601751942872488	-0.05429006074684528	0.3450088187118631	-0.07426000447351573	-0.19211603751193537	0.2383939847532031	0.0005877410427598145	-0.06077615857893871	-0.02216366905555625
1_0415_9693	0.9715508304111016	-0.3249307125682691	-0.07668544160175701	0.3244431621792997	-0.08333378878547257	-0.16424956646803965	0.19417856544746967	0.0130829309732475	-0.06013243039014972	-0.04839124876378399
1_0415_9694	0.9628305341129013	-0.3473570175768303	-0.056069312920498354	0.3407413525499564	-0.07368921517221677	-0.1833694269285523	0.22802182534056453	0.0044910777576933	-0.0560985459329878	-0.031549584481683664
1_0415_9698	0.9712151423365246	-0.35634087489581967	-0.054597216396723894	0.343005950490305	-0.08088982600090623	-0.18215618536927294	0.23078218959872282	0.00511900584227814	-0.05866837299649328	-0.02827394354548506
1_0415_9699	0.8907311700978181	-0.32076126697539065	0.09826723504530799	0.10661642628117309	-0.0066310335659843	-0.4282039699814502	0.1402433335643897	0.023312882867228112	-0.032299853920817766	0.11168663960952945
1_0415_9735	0.7055921977429752	-0.3114279173206535	-0.059183448798546374	0.27307871506062553	-0.11293723809146237	-0.19851362882297713	0.2687288779237789	0.09471738828233592	0.10070680921927476	-0.07989438359533352
1_0415_9736	0.9747197870275789	-0.340935321660397	-0.06881439060047842	0.33286736765005065	-0.08131717116602687	-0.17324529248742035	0.20973031910415105	0.0074062759300776455	-0.06239819956507577	-0.04073621238788158
1_0415_9737	-0.7016491535481184	-0.6149249568739898	-0.0739131919788469	0.17042659003425392	-0.027713261041079174	0.24619638160008292	-0.017881938805908004	0.05356747590844065	0.018962267121219945	0.022372685801112412
1_0418_9687	-0.7144680046373423	-0.04549564275639427	0.5938694709379696	-0.10431638006466915	-0.2307576586986276	-0.0014976962754152522	0.04045772527931815	-0.09932512357578871	-0.041443081092502033	0.03346586435034269
1_0418_9689	-0.5893889321794308	-0.011777736967387377	0.2207444735153203	0.2727904502222949	-0.3768509641466295	0.021433385585778175	-0.026742319661786737	-0.2605485647253133	-0.00480010189129574	0.03625711841001573
1_0418_9691	-0.6364980934285934	-0.0008298218627685425	0.5762805988831251	-0.08839019253571129	-0.27047736704283376	-0.0720731691688478	0.013382122280382153	-0.19566664994756086	-0.014384685094976344	0.0541219521333602
1_0418_9692	-0.09724341584226402	-0.450901371875761	-0.07631134788138506	0.02787979879739047	-0.20012569298249486	0.08525629989222376	0.06998899747718297	-0.009409799473596665	0.13014415081211425	0.13277853441043358
1_0418_9693	-0.4436973162094567	0.12673426629941567	0.6575388149555503	-0.19506077052090498	-0.28258965393092006	-0.05816517858663562	0.028301684313434265	-0.1783253765715158	0.04610795234241885	0.030100608609226046
1_0418_9694	-0.5513860755763962	-0.030047158207502034	0.5252004556924074	-0.14140933470733158	-0.25896582446619154	-0.10340505243796433	-0.03622501268858328	-0.10528366799075477	-0.02070419976275652	0.05396814017289736
1_0418_9698	-0.3521008813447648	-0.5230647073361429	-0.1033286585497038	0.03268317033724787	-0.09217270273456919	0.0614517038398036	-0.01951511514566885	0.0803953048017394	0.04641984950303266	-0.13426983527567732
1_0418_9699	0.21044467318582014	0.4555261308637188	1.2663483606424812	-0.26246329653820916	-0.061643579001990155	0.07333184454518119	0.13440422426138837	-0.30025367327054736	-0.18829800429312601	0.032769793861540226
1_0418_9736	0.11567849504884554	-0.30159646977837185	-0.039062966601663245	0.07392925906243186	-0.1681875490695459	0.060586053317706626	0.11068725918416389	-0.01275032139087847	0.18324408640814405	0.13945700773312855
1_0418_9737	0.42526645214239833	0.20782002149802498	0.18423806556552047	0.3146396998260543	-0.2510917183519253	-0.0016543928838769388	0.06140324721108065	0.1327495913661108	0.008884408726287077	0.07214330132045023
1_0421_9686	-0.32357421681860676	0.1527627396546677	0.2796794017556717	-0.024123202702302025	-0.2880492887203658	-0.14516769194235848	-0.125357066318749	-0.09950675233072329	0.06446568708419728	0.08901854735254758
1_0421_9687	-0.573524786425034	0.0013191172483134406	0.3517103070536625	-0.047632897956187366	-0.16848976029724616	-0.024236727611856593	-0.011316552168070879	0.11930578226290502	0.06692981221110854	0.07541909657776016
1_0421_9689	-0.032977955667738944	0.36955045290926997	0.29947423807388796	0.06912285500740908	-0.07001279874767623	-0.20124115065417458	-0.12796864715338702	0.17142303315331464	-0.005246867032297906	0.127074323573773
1_0421_9691	-0.46250743058287547	0.12929565918478178	0.42777942969853566	-0.039936726965591265	-0.25785669192105726	-0.15382984448533582	-0.06386161815602696	-0.13842390698455856	0.07019327990127586	0.1005016232639482
1_0421_9692	-0.25314106886626725	0.13186996333994971	0.3360207199875426	-0.051430457642460056	-0.285351487650986	-0.19818794902119433	-0.0830912348853626	-0.06614510643869898	0.05911788514137259	0.09841642521000135
1_0421_9693	-0.34456551567344235	0.36162879093973055	0.4567210053743958	0.012980511520592071	-0.2038185408231062	-0.10371528238339724	-0.037779804487616954	0.06154558264099112	0.08047242656618284	0.0936422394726117
1_0421_9694	-0.28090159832968503	0.15167523226939073	0.49195466704263563	-0.19055237016971646	-0.140857950649285	-0.07743058757542064	-0.006731252748337178	0.08160610407979317	0.06484188793130691	0.07441667639779492
1_0421_9697	-0.19449237592225027	0.2981477416096958	0.3599081234651726	0.12106825874309234	-0.32433713761535676	-0.16649204757451164	-0.09342354741532052	-0.19352219046055708	0.032664001265886033	0.021997964809033623
1_0421_9698	-0.41526935165080625	-0.012597565172752132	0.36230631477154085	-0.06439128018557518	-0.3034937045956067	-0.16379010293571217	-0.08982017934730874	-0.11692623292794826	0.005331671016303696	0.0980822156894492
1_0421_9699	-0.7142799108939379	-0.08121460108584287	0.24546212511659435	0.1102756352017772	-0.1642568729827213	-0.010280049981148336	-0.03889672814045261	0.000324184673442522	0.018656529961595114	0.08600558497993357
2_0425_9744	0.13663365124374408	0.28078443916754364	-0.6130021273500423	-0.3288043207624818	-0.0436615454294771	0.18385848062008744	0.11014663005609343	-0.14302369212733557	-0.07631678752740809	0.0022316544163504056
2_0425_9745	-0.6425392544274943	0.4417878095638821	-0.2706422699819819	0.22082791877018	0.28542770971167036	-0.09936519541901122	0.27503012530922305	0.26061143289572	0.21282197065442612	0.17098932365271927
2_0425_9746	-0.1324082856600127	0.6659981469689911	-0.1853452938336337	0.05645791446880278	0.12033967127219437	-0.00523632273600641	-0.1766656202563802	0.2079243853968389	-0.08757702258559194	-0.050754898982495945
2_0425_9747	-0.2852145343447561	0.6009018656257475	-0.13361585010072013	-0.04270341701642927	-0.06465810068275142	-0.04421863162598689	-0.1516991328096383	0.17790681046442702	0.029854791184572328	-0.0006686289450198748
2_0425_9748	-0.4470335532115204	0.37414868799808215	-0.10820924476113972	-0.11898580044746428	-0.12117005425730329	-0.044951707037234286	-0.08407977844864366	-0.05996024942468322	0.02929842412700262	-0.034907732459579364
2_0425_9749	-0.19562693365673497	0.6536373639989866	-0.1076044004873125	-0.05808729851550875	-0.12606259337710363	-0.043895882774007335	-0.21124702717508692	0.10274633294954723	-0.057693533764225514	-0.0465567840396618
2_0425_9750	-0.2954269254646433	0.6047960346338861	-0.12094200260689321	0.026022353545522122	0.06674314507514506	-0.0011070293851031942	-0.08672722454075622	-0.05841461413118067	-0.042272740433576615	-0.13470642865409546
2_0425_9755	-0.32643005214914667	0.653409297682484	-0.07156949143050681	0.16639953916582512	0.21053598684390115	-0.03679773097945222	0.040799359184423574	-0.06650298452163725	-0.02613073864698009	-0.08435155128527476
2_0425_9756	-0.4343222903490446	0.7260883762964414	-0.04229282719174768	0.09371658007457148	0.08229431640619722	-0.09542929929946112	0.05502834927811104	-0.34961275533794317	-0.07471108077256361	-0.1335305402837367
2_0425_9757	-0.42967228189934675	0.6896851237193568	-0.05892062314736337	0.036570166209575615	0.04393640568570722	-0.06226331447213803	0.029814543645272116	-0.4460828355585403	-0.08128597503303862	-0.13390863227941358
2_0425_9758	-0.3927722780451717	0.5560833441664192	-0.1183851214350401	-0.03240932443030675	0.11592628091668987	-0.06051033051501515	0.01681012870754617	-0.3257808028042346	-0.07996271587000084	-0.1755287604624852
2_0430_9745	-0.8650059171888966	-0.6976337314078367	-0.10635491708124048	0.2941315814113759	0.07699648959601393	0.2981509812772821	0.045716439996637076	0.038834151969971226	-0.10426727176853273	-0.00435116480760347
2_0430_9746	-0.6329352294657196	-0.6086088961242766	-0.11359113262613232	0.19144976110868198	-0.008032394514459855	0.17030459924151845	0.003078947984825657	0.10488719845098302	-0.13044912265677952	-0.14275663865273797
2_0430_9747	-0.5156300996647625	-0.613470507027462	-0.14299098534298996	0.16498361347878332	-0.07801631258580558	0.05517413005707855	0.010189521292758321	0.12125782735553862	-0.14182506147143592	-0.20542866058474196
2_0430_9748	-0.7336481222165304	-0.6038212158212191	-0.06504075842619933	0.22463651095705278	0.042237212454616556	0.2489615603230577	0.018699476179821817	0.11212029640255756	-0.0847399447591694	-0.03715136501269503
2_0430_9749	-0.7520381628778592	-0.6282966020388502	-0.10526265401291249	0.245378396466885	0.05452843347273795	0.25278967700315197	0.026370566416502057	0.07068278063659	-0.1107669331190689	-0.06637582409311196
2_0430_9750	0.10693278196541257	-0.5444152276875005	-0.13368708018999348	0.09863786700044413	-0.25259972671668096	-0.17204426571555706	0.25081486576188733	0.04074899801763401	0.1771429061269542	-0.03529793102499128
2_0430_9755	0.96934357527396	-0.35841523777656936	-0.05452046713123018	0.344621585446589	-0.07292760521696512	-0.18737960866290948	0.2335045616011057	2.0120797564391643e-05	-0.05935123699062789	-0.02696359384708553
2_0430_9756	-0.1734008163259695	-0.6309478465955586	-0.17913840534094838	0.07120805177106487	-0.21176769417585825	-0.09637315466386014	0.12127239549811165	0.07004514126203461	-0.012325311213940305	-0.13406930998208466
2_0430_9757	-0.2781687261187252	-0.6283168095610974	-0.18135708107961815	0.08175821805286794	-0.1887270986530884	-0.049312078300395676	0.07146356000152024	0.09584051498277929	-0.07471977848378578	-0.17189864958073642
2_0430_9758	-0.27142082949603913	-0.6512978091636065	-0.18435843949742017	0.0868740579765215	-0.1866518133644947	-0.0530543889499674	0.05970303467476361	0.07860806114974497	-0.07741114467012063	-0.16638564927628877
2_0503_9745	-0.00690565134566094	0.4117533427182522	1.0014334500215196	-0.16027617066572727	0.02666933105361949	0.4887149146305855	0.4249509273540863	0.2164951461333903	0.11121404332960069	-0.20191008831654422
2_0503_9746	-0.5263153088643066	0.24473943296690154	0.7265345104530749	-0.07003026919622517	-0.26651827571117404	0.2312841555347312	0.2378035639677866	-0.06573722930752489	0.05313484248034293	-0.085467000238956
2_0503_9747	0.22893222683046213	0.09397694583637936	0.8803630011412427	-0.3019415533008755	0.3561366357636633	0.6192093637096502	0.4888649213888113	0.22540558293776214	0.15673324057209675	-0.23529963499380685
2_0503_9748	-0.020873744908150905	0.3812399192724244	0.9764963147754797	-0.17921269734476653	0.04632463534638792	0.49324604213455014	0.429456135421057	0.2566766930255321	0.14241521414427488	-0.19841834296745584
2_0503_9749	0.04317701523445332	0.3209705160810652	0.8903008060267621	-0.21406154170759037	0.19802738832268388	0.5126248366845685	0.43810373139552344	0.3852661568273058	0.1810019503333106	-0.20843616242938434
2_0503_9750	0.11856807521310272	0.19160940222994063	0.23970116882107437	0.25392514930026255	-0.4773054379592979	-0.055667536540479394	0.08992119867032235	-0.2222689924776672	0.05512039381063381	-0.024145140227330032
2_0503_9755	-0.25560594886873617	0.027562094489937735	0.1991043555557763	0.1839106643167451	-0.4689776040392743	-0.03527724981114465	0.011545796453849424	-0.25710211186780285	0.017631785637922025	-0.013943841247700754
2_0503_9756	-0.5848212501637392	0.17508106160135475	0.2754366518539073	0.3320185684144265	-0.3757170127737412	0.015301157008180301	0.02675866001131229	-0.2999731690568366	0.10227198731599667	-0.02809363298564669
2_0503_9757	-0.3613797360892586	0.24102611456375755	0.29414882073602366	0.3053137103931928	-0.45492980132428223	-0.03302048161429384	-0.020461292388532146	-0.2733445239336256	0.0718794629679586	-0.111170323897139
2_0503_9758	-0.5096736299245225	0.027415024245602014	0.2607049709653815	0.16713586953584617	-0.3473264586050138	-0.08338474132306838	-0.04317060388671134	-0.21714768312261035	-0.007081122292870661	-0.0020036642011463973
2_0506_9741	-0.012167162914291691	0.6975246660470208	-0.2697201485246719	-0.1031190100988385	-0.24670784167189472	0.08708093067787888	0.001205380343021022	-0.09661459040806482	-0.19247599609229152	0.018260939750635648
2_0506_9746	-0.46347007380970057	0.25014816635228765	0.6114227025241504	0.04626724984983774	-0.26919308260715136	0.13625154188055474	0.12621105527152401	-0.14981666124040233	0.052512713294166735	-0.05151697004247762
2_0506_9758	0.7052005183130184	0.008760883471899376	0.5538499633301152	-0.14556800187745703	-0.00282461143216796	0.23748441136144965	0.21675880235653572	0.06237235560541813	-0.05106856098149723	-0.036544074503743154
3_0523_9831	-0.3793904518115633	0.07909051068256087	-0.2678546669212151	-0.07024521245364851	0.4529183354029764	-0.023008076123826878	0.28046532709516564	-0.25478075501171343	0.09105581736465052	0.047455950995945795
3_0523_9832	-0.3090507149686163	-0.03509303413675654	-0.28727002027998894	-0.13693011951342435	0.318811030556516	-0.18376431172347418	0.12913719384109978	-0.1982904057712642	0.007904189635862004	-0.1823767790268774
3_0523_9835	-0.00910729730265404	-0.15046556220786494	-0.23759430905612314	-0.2573843186035407	0.11137626572651704	-0.3461573111086338	0.2244692955541955	-0.14084266086032451	0.11280712413003391	-0.15780620928027111
3_0523_9836	-0.45114006810823715	0.05479698685746661	-0.3008405191733444	-0.10783997146203957	0.5611670363978576	-0.021133134237663883	0.21308224878349413	-0.3325555195880704	-0.012724809197060571	-0.012284537881016636
3_0523_9837	-0.41189836699969057	0.08176405701331844	-0.2330558017328636	-0.1540417881169755	0.5513767984295983	-0.08984294657358864	0.1271320522071148	-0.3012334991823599	0.0058259427828507345	-0.009487856210982231
3_0523_9838	-0.5748521069448569	-0.08314614637400598	-0.19958009735278434	-0.17756163900958222	0.4587588312340592	-0.10706841550369144	0.04448228206014549	-0.29631397751669225	0.03839105666062169	-0.059102231099361455
3_0523_9839	-0.4151881692804391	-0.02320832211160905	-0.1353757330414192	-0.3099428695334178	0.4692137685210335	-0.1835722073548294	0.06632071574639563	-0.27374059485130525	0.04840267297023382	-0.052056739523231234
3_0523_9840	-0.4640641235580833	-0.041692681900742184	-0.12882677546388888	-0.3193867620803001	0.4946591393495639	-0.20521941253685097	0.04459797858333043	-0.2837307029389687	0.018355954277092964	-0.026678515617417096
3_0523_9841	-0.3626972998547745	0.16502572115270167	-0.07470886608913727	0.004623467450514261	0.38017938831014064	-0.011219399541210049	0.19353645554425516	-0.08160686064962777	0.2223249224960266	0.16002244863598555
3_0523_9842	-0.3876436539834152	0.10875398560923369	-0.10314287304336218	0.06822675694640996	0.34944048763126456	0.03075872191759039	0.19798933464472315	-0.0709962332157033	0.22749464293595406	0.16440618672247678
3_0523_9843	-0.12653431306247379	0.10045454776358423	-0.08729149780529248	-0.15634451911922653	0.19516988628098772	-0.2928119587770739	0.04116430697641654	-0.026950236346020146	0.07928175186368774	-0.13622235823456866
3_0523_9844	-0.47572422959744165	9.316845946526235e-05	-0.035898022169475206	-0.06676822133449366	0.2349988725565262	-0.14777597959642905	-0.0231014229019171	-0.05128230604760423	0.08459306528884393	0.02137544473665214
3_0523_9845	-0.3232612031175492	0.05355032353046987	-0.11887113757608851	-0.1108415121915055	0.19240722858028023	-0.17497085219923889	-0.012321638123238575	-0.07504022633960532	0.09090592462715803	-0.10586422156835495
3_0523_9846	-0.6945430343949194	-0.2708511408036816	-0.14922670699762564	0.08746237388349536	0.3188851932657182	0.017111727015989432	0.04373753096622762	0.006876469429040329	0.025123627365508737	0.11849952842197861
3_0523_9847	-0.6573811775143571	-0.22188321593552432	-0.16762261175173088	0.06874779972957193	0.3414571830179934	-0.005341403056205573	-0.0038506168554127192	-0.04057904789628552	0.020609328872949303	0.05932687391669963
3_0523_9848	-0.5912389077148035	-0.18877766187909334	-0.07448472809559882	0.05203128093762812	0.33403294923349425	-0.04634169882198809	0.01272374023822754	-0.012498683388663046	0.09765104255503958	0.1505199295881731
3_0523_9859	-0.5552523073718171	-0.12480484494502793	-0.09995666414064829	-0.003327528270561386	0.33151742512184557	-0.057324962171476784	0.1136168057709742	-0.058134603942090295	0.14421565155474167	0.18552740667376857
33.9831.0528	-0.6708214224422758	-0.5046835224971609	-0.08907682691875915	-0.050117000208127434	0.12846891100464364	0.03154239315650733	-0.00011839801237446324	0.026204797632063723	-0.03297819224059782	0.009668240890539768
33.9832.0528	-0.6087420074947862	-0.5764355746536219	-0.014174855423732058	-0.031311147570599836	0.060441047493992504	0.0015510858220534136	-0.06730403584582983	0.07465052465549625	-0.07466581846856901	-0.0438286723157698
33.9833.0528	-0.5891088276915207	-0.5294959228412172	-0.00424258265542796	-0.09397501227231136	0.0860752128795069	-0.014028419870163579	-0.05179202977775234	0.062482769065403086	-0.019617337014573643	0.011779849016961212
33.9834.0528	-0.2331310105723648	-0.5211052042118147	-0.011396986971219623	-0.18138736946968534	-0.06825656225640493	-0.23122249137001313	0.03453935741275603	0.07400751117193989	0.03360005153957263	-0.053714738508404435
33.9835.0528	-0.793593147022209	-0.6253756055792299	0.03145189173300158	0.03412231532566686	0.1519743249336685	0.06098975436974738	-0.05529423847176842	0.05702694979127579	-0.07589690267498685	0.07812516776730738
33.9836.0528	0.7495296717363218	-0.23782763611045654	0.3547506467253646	-0.1417076212829772	0.14949094558341444	-0.22303503442886494	-0.032998619938811924	-0.028649704184453083	-0.12008460684062044	0.4083192655167139
33.9837.0528	0.5051688256980205	-0.33726346195964474	0.12263923488372314	-0.049749563438949033	-0.06239101011858031	-0.4234623172426678	0.1615727557603699	0.1267082265750481	0.18053033942189398	0.03808482757254002
33.9838.0528	0.05401354869002725	-0.47096752165244166	0.07764946670881481	-0.2160450372251731	-0.12052816523243304	-0.31375667656839656	0.10910812765775708	0.05891009508802833	0.1508990329870617	0.002169410254848847
33.9839.0528	-0.26358206882292695	-0.5679247406075076	-0.12602983949874336	-0.0034433418324135608	-0.10680083446087253	-0.13305348396909553	0.01332521596564548	0.07551828445639155	-0.037498328573130756	-0.13984831106335774
33.9840.0528	-0.40974439086490083	-0.6104373136363358	0.1599086395662406	-0.2750043161270875	0.05262871307886943	-0.2282865796085829	-0.13572723891555497	0.08517973327944948	-0.16314358495372955	-0.0023615475043132243
33.9841.0528	0.4464588939383351	0.004904115119984063	0.3311330712882672	-0.22863326851736274	0.5042614682667899	-0.1863362121799724	-0.4053324519159714	-0.0554143035628133	-0.12252435928220985	0.030625256075189265
33.9842.0528	0.9497096680946168	-0.2795222231606665	-0.07279623163037625	0.29331639643835	0.025934986561088887	-0.07698235492877115	-0.0635877006001424	-0.026840131697122613	0.14147890991266554	-0.12984842647902042
33.9843.0528	0.5291334218502933	-0.03846480998186558	0.29836569378682326	-0.4118809713536279	0.29503423954263547	-0.259315810887444	-0.2989679024936179	0.0641478408321012	-0.13793853762291214	-0.05886321277526032
33.9844.0528	0.575802206399129	0.08202170285115726	0.053559180737028596	0.09541999809763378	-0.030955276198480975	-0.17338606059141176	-0.054257894515442766	0.08448499226681869	0.01165659366547463	-0.16666935450301434
33.9845.0528	0.4979796800621382	-0.05875309916564684	-0.05730664967501282	-0.029076029787058772	0.12718316692932288	-0.31742293791266707	-0.08278778079768266	0.04550624507671009	-0.05557621441025875	-0.34012619026355534
33.9846.0528	0.45139835602990463	-0.018820513774216018	0.22370266863708965	-0.17321717063657335	0.41786177252670503	-0.2838699707600938	-0.3827708080919513	-0.05388727616304985	-0.18600617965168703	-0.15244990813061307
33.9847.0528	0.8058276257749408	-0.23331290575248426	0.270151210159914	-0.20204424089685735	0.20237069463436064	-0.4907629077042669	-0.07196459824499421	0.05198811476779493	-0.09327977498294092	0.011345874298484404
33.9848.0528	0.5925703929670164	-0.0011525875982439932	0.7532031366089743	-0.3997082499032009	0.9100126004432362	-0.06499574301753183	-0.3702702517072932	-0.0488048722155124	-0.1515767176750556	0.1853816247480492
33.9849.0528	0.6369484722966248	-0.04551376269329222	0.40406558833849987	-0.4774270613802665	0.49308920669876555	-0.34568622601574256	-0.27343576725942165	0.07833843330424026	-0.2727315782241936	-0.1264022055612377
33.9857.0528	0.6485671807346242	-0.06218755947932973	0.5818706084640254	-0.420824590053578	0.5646202143763075	-0.16682195377197157	-0.4269523729402338	-0.01900287815537984	-0.19518967201336004	0.06481751959579643
34.9831.0531	-0.43302867970744724	-0.41162261848816656	0.6217461949225627	-0.5382894209151844	0.16412337817313657	0.2711606996397232	0.2687546276914098	0.106506576463447	0.15004985106297133	0.015031273122762898
34.9832.0531	-0.4899369404096595	-0.5054673641963627	0.05653129532455377	-0.12388139002056507	0.034143867828526304	-0.00044352581851711233	-0.08793025859079381	0.05391474131276206	0.04992721047131928	0.060648756730598975
34.9834.0531	0.5886290525863618	-0.04972249509684968	1.030337794039472	-0.44462794760735946	0.4738132806248176	0.44862273451433893	0.4015705228223766	0.11612615248119902	-0.08831450728123812	-0.07549940802565891
34.9835.0531	0.8211889523783444	-0.2736995519303827	0.0014194295940660145	0.24720081659987853	0.00739349539627677	-0.11257420253431388	0.14138766223493826	-0.007894641024096857	-0.08792141361982153	0.047582030223779
34.9836.0531	-0.208000410914231	-0.5739224637246776	0.12136531955633909	-0.2875203131399664	-0.036984930860141575	-0.28974169289786544	-0.040377993087427795	0.07496365372487812	-0.0505045965193148	-0.0007908515211396454
34.9837.0531	-0.16556395597116744	-0.3920413298285378	0.13624133061481652	-0.2608208084259037	0.011388401904009556	-0.14784455242481218	-0.13496642453767443	-0.011730962840707172	0.020009695414640625	0.13137104602862515
34.9838.0531	-0.12957432788639148	-0.45577983157253926	0.09153626562697466	-0.21565765587133204	-0.07128598489299467	-0.09210384977776784	-0.023155299859175634	0.012321749210822438	0.06240086708948768	0.13676958546056422
34.9839.0531	-0.1925403357475031	-0.48843993063568114	0.027027260560707436	-0.16188355865111237	-0.08242305927160919	-0.07965253711500143	-0.025075383831166823	0.018885404442655213	0.013846089649916085	0.08821146225513045
34.9840.0531	-0.7060061758017159	-0.645118404706414	-0.09811376770909107	0.19092706415525268	0.05208329007073836	0.20473720189296407	-0.008134956616919757	0.04442360112481622	-0.10454950967965147	-0.05361345582577332
34.9841.0531	0.7442992768128938	-0.1653565461760297	0.01180283039530939	0.245694841674768	0.10892168733150688	0.025530477348940234	-0.041025349964684016	-0.09759001775480192	-0.15739243936748468	0.04146222306532415
34.9843.0531	0.8380358990866107	-0.2734858511018405	-0.01892041271238511	0.27342001328254184	0.021485755468267205	-0.08583147565060793	0.09612426686277777	-0.02962392912691463	-0.10390158166524797	-0.02448864386342919
34.9844.0531	0.7735677794773701	-0.20123172829278657	0.018393389615843463	0.2732839989600083	0.05402454443665547	0.06396133007588611	0.05066567301335083	-0.07343904010071674	-0.11494938891186947	0.14126495054753813
34.9845.0531	0.7780376033919513	-0.18749496433612298	0.019615294188291058	0.2794625195468821	0.0016353471823651882	0.03608079369792325	0.07516851680751303	-0.0447006804631097	-0.10441195692304955	0.09097799076984159
34.9846.0531	0.8480713950536168	-0.20612411491701693	0.0174721154505204	0.29830780313572575	0.12733316068625072	0.16223623352617506	-0.21795655482061427	-0.15628213565962001	0.12453063147422763	0.10412962934469062
34.9847.0531	0.847689666966673	-0.2972740554689986	-0.012023412234474751	0.28135789374288983	-0.018871254400599235	-0.05974934223415202	0.1464364222642044	-0.026438077714101192	-0.1065859946583632	0.020716256190334778
34.9848.0531	0.6497119606386804	-0.08380023472762387	0.3272100865493585	-0.33996979813768324	0.3141568296489667	-0.2415841610169597	-0.44238852958795427	-0.06589955208573799	-0.1626303084817156	-0.022112865167847766
34.9849.0531	0.4054183794863324	-0.051329351747445406	-0.027232408763895186	0.07787180112345156	0.1128648827035185	-0.0718925633661796	-0.14721317691869745	-0.07113312562361011	-0.2399587845427286	-0.3125267770414507
34.9851.0531	0.6565205013696626	-0.13437713114229444	0.08669267411860693	0.015560046861139515	0.1707604301297937	-0.19678219486514517	-0.1733812417000773	-0.07109002080968399	-0.12616029233771725	-0.011193360167157261
41.9871.0530	0.3457962535464883	0.19720303846336149	-0.6140792389312784	-0.31341350651043554	-0.16703385691207912	0.08840759572270049	0.13793310684438181	-0.09264364451279568	0.01021422951513682	-0.0004101967886148611
41.9872.0530	0.07700918548847219	0.18493530541020228	-0.5911808146404762	-0.34986643190348193	-0.07378033076219258	0.051237725469646084	0.1208318385787444	-0.07927803967987024	-0.02735354048807162	-0.06251718415768245
41.9873.0530	0.24027295629438272	0.2454410372919016	-0.503460899333972	-0.20567815267081438	0.020495250758162824	0.12431802406345827	0.060640329245601934	-0.02356342593654248	-0.14503310189564542	-0.05593871273898978
41.9874.0530	0.19657701938809308	0.2575302170319526	-0.5930410982747102	-0.3484228079240613	-0.1092230979027653	0.13798416118052767	0.06960922203009831	-0.10796262036798784	0.009430976507327382	-0.009729434720207781
41.9876.0530	0.3061680567397725	0.26320636566224287	-0.5925355340763793	-0.312407582004046	-0.15127272992401	0.1528888347164031	0.10649926732335571	-0.07619739818491138	0.014486387393738028	0.05676838075305817
41.9877.0530	0.3217754001645172	0.2718575564824634	-0.5292329465272422	-0.23737148105404307	-0.029988011192075663	0.18748167919178735	0.0452327688215838	-0.013153906381019435	-0.0878156743443222	0.03526883037285426
41.9878.0530	0.20180863085086168	0.307760345441056	-0.5675745614365847	-0.26406719762541087	0.007703090180494547	0.22040305593695786	0.049964998156111995	-0.07738756049228468	-0.11340868975755113	0.06884369363549708
41.9880.0530	0.3508592442126584	0.37254138926123065	-0.5028640013128743	-0.24032470793927824	-0.2792981697732041	0.1465321951109275	0.08731616974776418	-0.02648254434949072	-0.0031041151324530986	0.058861813159820274
41.9881.0530	0.2061768587907412	0.25749237048128026	-0.602995551388503	-0.3518731112362589	-0.14313587847577686	0.15020946606958258	0.10477956714894958	-0.10232222695441054	0.010770198388209135	0.06968369668470428
41.9882.0530	0.20357918216552864	0.18158183563880545	-0.618117258885675	-0.3593364693362605	-0.1222866068691284	0.07419479490596226	0.12017011591350008	-0.10305469965804213	-0.012772399739474097	0.036799148223577244
41.9883.0530	0.09263128822240628	0.2947412272511707	-0.5186987579880548	-0.228946813759734	0.07110904588863583	0.16014062162598888	0.061354844402131216	-0.07992608771937007	-0.1265110682448409	-0.03904647165698958
41.9884.0530	0.23466804752875228	0.21495126378849377	-0.59987037474544	-0.3256784672152069	-0.14827438943701546	0.1511441653169055	0.1112637296393042	-0.06410067405823662	0.031916648713187966	0.06133734062193349
41.9887.0530	0.2992453811277686	0.19921710962449335	-0.6221844225726143	-0.32022326145319824	-0.14984859724226965	0.11010768282098415	0.14604521522604538	-0.09327146589976072	-0.00823121199073396	0.004807055065419629
41.9888.0530	0.2626938290119306	0.1857686800227313	-0.6473553283200391	-0.35274334261777546	-0.18365932777387725	0.1264405341514102	0.13969322479532947	-0.1282265945849399	0.012228479745830306	0.08271991248969351
41.9889.0530	0.08423785442311123	0.2804463527096882	-0.5404690595431633	-0.251830831918105	0.016147123434896663	0.1982955016567447	0.0635473558954667	-0.058162502020446885	-0.06333646989144645	0.05306966068502266
42.9871.0606	0.07230696305791959	0.5060341509582288	-0.2095994547220589	-0.20726021984661636	-0.2568100614018018	0.032079547834653485	-0.13931012445857685	0.09263188103562106	0.008276913275259212	0.09675521847981326
42.9872.0606	-0.15012399501210055	0.5289511009182563	-0.2497463164609573	-0.1701559235260995	-0.10314516426266503	-0.003886731705100623	-0.15589169528001837	0.1139046061667377	-0.01326793035576397	-0.01533559204590897
42.9873.0606	-0.15948396691335714	0.5024008046571634	-0.24107070087336704	-0.12378969133802123	0.0030203724408298166	0.03994579452012343	-0.11418364670407251	0.09273776059198441	-0.003191370598101139	-0.013616802675995519
42.9874.0606	0.02751627402011805	0.6113608375122506	-0.2055933860905349	-0.11410065307128775	-0.273415638570371	0.042672185600857275	-0.16261265393811422	0.057513540528128945	-0.08377589451847112	0.020144356679392707
42.9875.0606	-0.1509012744897411	0.48282487685161213	-0.26174748676490245	-0.2317994858464717	-0.16802852083871864	0.008859277766858265	-0.10597612333930385	0.0887961888848216	0.023914213300203963	0.049019891051700175
42.9876.0606	-0.49211717437425095	0.7407131522105526	-0.10165686756651116	0.1327967286525138	0.06356188035530501	-0.07422502276924421	0.08406696394161878	-0.20151480207569034	-0.02025140219159848	-0.09245772796158118
42.9877.0606	-0.3540698036019466	0.6655073380264636	-0.22842181240389972	0.004305308345307735	0.1984528067415792	-0.013950197679731527	0.06771265518238093	-0.1868921661219688	-0.08495298657866526	-0.14803141117041266
42.9878.0606	-0.46314291764937493	0.6917343287655234	-0.0731683471746722	0.08221984372158611	0.03461852148280773	-0.04780493106602326	0.1311007007476545	-0.4004132141901851	-0.06954662842396492	-0.09564396014345589
42.9879.0606	-0.4892977799909712	0.6356967723697173	-0.0208461956928883	0.10935459461992621	0.10298133559602815	-0.10696282145554904	0.02954052715535762	-0.14486549230224238	0.024298475652269787	-0.09476339163209754
42.9880.0606	-0.5140479826564844	0.7193465761181042	-0.11829229990286692	0.15221759081756206	0.20384918208595884	-0.12696350742283663	0.12568916064383495	0.05123629055600354	0.07823195226347966	-0.0027835975446880673
42.9881.0606	-0.0020201813948614905	0.4681610081976225	-0.19980448990733343	0.0039587198432271395	-0.09423015902144792	-0.04041091816718691	-0.014022762876666706	0.33340149430516264	0.027732781973790043	-0.07891291188906462
42.9882.0606	-0.2642528245614436	0.5685912128639803	-0.21254429371101144	0.03925963261711419	0.13205621940693446	-0.0788513302669321	-0.029599673285979396	0.37952990381034923	0.09752308147959181	0.07500689322833583
42.9883.0606	0.19346734841767763	0.4845376172893873	-0.2784881487467684	0.020492114433277538	-0.07391426586202532	-0.05885235852335881	0.02168929701413752	0.39610553709697194	-0.03621020971397394	-0.06197018906844064
42.9884.0606	-0.26604658095159256	0.5972579208702171	-0.1554672998903174	0.24282249339856565	0.37093890862817713	0.014500184747263405	0.18634038210541595	0.2520286053123375	0.07212589367414995	0.09101077302325433
42.9885.0606	-0.06339840077999317	0.6293016990012218	-0.2025806603198893	0.022480770243156728	-0.0751172328259322	-0.04071352649724716	-0.06009799590417708	0.3385356830105484	-0.002129466812100174	0.005258750842132845
42.9886.0606	-0.1503646129741913	0.7047209842452368	0.128889279048132	0.42404199417490146	0.10534483799453077	-0.28660387226185663	-0.058928103500788635	0.29042032728888606	-0.10074534587717004	-0.10997083314560335
42.9887.0606	-0.34774834816905725	0.958179568182521	0.2628064960196956	0.5945714605943462	0.054631481817089905	-0.19700642803734317	0.0784303486097371	0.08382011401455024	-0.06505096684548473	0.16776642316373983
42.9888.0606	-0.38683577562272303	0.8595536268362668	0.21937828750307303	0.5438143999721252	0.05051932955015002	-0.18202792508810392	0.06925060655661729	0.22601139176983273	0.0474494183924878	0.11937126273295726
42.9889.0606	-0.18228577782011707	0.7534767088196771	0.0049011315390708535	0.2817389208688673	-0.024142319685631443	-0.03884813130910953	-0.1411265280820215	0.21530163264592025	-0.08235008517675901	-0.03611327139446761
42.9890.0606	-0.08527240332089266	0.6874530928199294	0.07215319181461566	0.3609105887845449	0.04353760474403563	-0.1902089884954859	-0.15228703149496967	0.15705829772177393	-0.19927909757622275	-0.21333093485866272
43.9871.0611	-0.5274292381411102	-0.6221207001225643	-0.06469966380940963	0.01965536522769415	-0.009934987257826657	-0.08757456794292194	-0.07419791114117366	0.07502447290720748	-0.14029291867213	-0.11801376151499621
43.9872.0611	-0.6585560110381915	-0.38392348209665716	0.037234868960526635	0.008106124297210858	0.06602496414296748	-0.03194696296478157	-0.07357288737158245	0.2555781646974273	0.06592719427794126	0.08142692369817152
43.9873.0611	-0.6034772950360046	-0.5651309230158843	-0.021648315915074177	-0.006718452739074854	-0.022418551838918124	0.012235388462443788	-0.08994511053638186	0.09573955822094628	-0.02069065014049125	-0.03336180148698784
43.9874.0611	-0.8532424140508795	-0.20562483136332882	0.11451757308136	0.17625144114016883	-0.029504596710776446	0.004615248338058218	-0.07219568143841538	0.29265530818049895	0.023768301358061635	0.09456750054201708
43.9875.0611	-0.667113803740683	-0.5938898881541403	-0.0053767748120496575	0.016812830385250728	0.030114674459285104	0.013266372237873577	-0.10710945838136889	0.08017234771882539	-0.042955486776781224	-0.01116192559805126
43.9876.0611	-0.17215173325580146	-0.577502059609875	-0.01842826512927947	-0.13863465790705648	-0.12197794030379037	-0.25768741643081877	0.043221025611647916	0.06868835553575815	0.003883918760974222	-0.04515108964365291
43.9877.0611	0.08286296455080679	-0.4718280755897339	-0.022510511365901983	-0.08263129022167828	-0.1836723432375724	-0.2980548264796387	0.1735314221179987	0.05406937895475321	0.1834796755565748	0.014165558884108932
43.9878.0611	0.3663162400149847	-0.25809335271774364	0.0759286849998909	-0.015140111005232626	-0.1710908785315208	-0.3606892117259231	0.17788411677729757	0.14397559370031449	0.24361862416850769	0.003136722502767135
43.9879.0611	0.22872213027604124	-0.37209864938587456	0.09234620466129673	-0.1734900725283543	-0.16184803457682784	-0.37439118047035747	0.13914772240956322	0.08929597947297609	0.22877258586003937	0.04186551896246121
43.9880.0611	0.5810729022612375	-0.2687811238722055	0.17781278503930154	-0.09595744869271637	-0.046686942996813974	-0.45451890484583346	0.1439839101612452	0.18231276049450926	0.12945833571137552	0.04980567901194573
43.9881.0611	0.8496968781421752	-0.14453309886454355	-0.01680356162629962	0.40362848860607203	0.20004516867551148	0.33584819937689486	-0.30172505988762854	-0.18842676430091088	0.24381441045005003	0.11265086729274595
43.9882.0611	0.1375543786292464	-0.053775569794441376	-0.19533886341118348	-0.09356710040491309	-0.06545553868775107	0.17370453144139267	-0.34461742667444817	0.037268646467405755	0.195199883824505	-0.17936279089849175
43.9883.0611	0.8515818343890386	-0.18170817668518077	0.029898568078346868	0.4641962860683734	0.2844981350064931	0.30242529216363373	-0.28318915682222906	-0.2468909081761251	0.2667218261487524	0.11621406471018271
43.9884.0611	1.1047716822125029	-0.12418750386182127	-0.3667204664646991	0.056736922417835824	-0.25844953933468096	0.30577618111307636	-0.16878039533976644	-0.00780220031421152	-0.09966791550527895	0.27744488629350467
43.9885.0611	0.8255796391947516	-0.18164374566467634	0.04314308499477473	0.45109772881435983	0.26334833345843955	0.294895529197803	-0.25870879525347756	-0.23606300820842585	0.27653286692894063	0.12833497994107107
43.9886.0611	0.8851182769778994	-0.26388327318396837	-0.07086445704125188	0.29566821679098426	-0.05364022598215282	-0.21998883778523903	0.20907089368105733	0.041366681321638926	-0.017352898815222114	-0.08499157778367776
43.9887.0611	0.5757985183127037	0.1530812715698701	0.22081434159756197	-0.013409645936362413	0.027833802686778552	0.09060433672414255	-0.18666022458272405	0.11973314246803142	0.056648737471153864	-0.2721314853260864
43.9888.0611	0.8166903712394904	-0.13859144843662125	0.10319452453544078	0.3218941622069442	0.2670267861573873	0.21538841106700785	-0.26981820739539575	-0.158891906030925	0.2873557977711589	0.0585618942874044
43.9889.0611	0.9577731573584017	-0.3321241924201963	-0.05186197484697044	0.34521799167756795	-0.07278700156130494	-0.18345699503727766	0.22739389097649437	0.003606723421907963	-0.051343065319924566	-0.020991844797287197
43.9890.0611	1.0375432231674653	-0.08368179228700415	-0.33847622092611457	0.06536541873599903	-0.3223979701328812	0.1203978149061997	-0.040408834106873105	0.100442572105254	-0.13278328637371037	0.09753276653749188
44.9871.0614	0.421030345830053	0.4592765785268538	1.2797852594843688	-0.3849721500078598	0.059562963343983255	0.10566784820703606	-0.08723042069307532	-0.13780704549278985	-0.3365387944252076	0.15788860136659855
44.9872.0614	0.23439664262833793	0.09784278060918665	0.36773123396339624	-0.14412953379978186	-0.08826143876279734	-0.10284722488250908	-0.022682954234330803	0.06501882642623413	0.07772488186914779	-0.012852053436541427
44.9873.0614	0.20926180721378515	0.13546226981134618	0.547137278117512	-0.2442287586452516	-0.2056314196272603	-0.14297232461827628	-0.03735050755229802	0.05533688998476915	0.05941068441808875	0.1306940867795493
44.9874.0614	0.8425734554159152	-0.09680313804332591	-0.013801519091310234	-0.023042093226042958	-0.10474457231410865	0.0941490603861285	-0.08859342484714872	0.024836614482943387	-0.11479292559910487	0.31374002233465537
44.9875.0614	-0.08317864610706303	0.2489333429123971	0.3931058655345901	-0.06965228991503296	-0.12287539031676546	-0.18973104814021605	-0.17170601767399082	-0.0007396106698270655	-0.0007545816948455144	-0.006901785904553978
44.9876.0614	-0.0009391590654708419	0.16200727978308957	0.5020765915224277	-0.17960144877383769	-0.29313544279618614	-0.15779044723040464	-0.0001023081532517299	-0.00902970827824997	0.07102442872981411	0.038036521385165806
44.9877.0614	0.24016104014342207	0.3119954909908744	0.7282561240799376	-0.1599024532399332	-0.30019293259062946	-0.14791642330563787	-0.02486958761504219	-0.20546717500174408	-0.0987213072846187	0.011478016509561163
44.9878.0614	0.1282516797581861	0.2856662734880223	0.8359929994242212	-0.2921693357078249	-0.17297953577933622	-0.019517872043102315	0.0391945471007624	0.037507597284159616	-0.018236773028322103	-0.04142065265420097
44.9879.0614	-0.006364112976963021	0.30834559718743154	0.8940099015272449	-0.36222039606329276	0.08340830197932823	0.20377764008833543	0.27583244815804786	0.31039394024405503	0.1559429174109492	-0.15663428403836502
44.9880.0614	-0.5747064547844913	-0.10947148993586238	0.31983382642734665	-0.009678057185738859	-0.2622334023086606	-0.17384693032107557	-0.1257407337437376	-0.08530690627180722	-0.050300718787887375	0.07983342083929933
44.9881.0614	0.04245576475082434	0.05975263822696742	-0.0704261982385072	-0.028706092984524617	-0.5324392484562354	0.13369796746099724	-0.05100941565922575	0.03810719969570666	0.08348905713988358	0.12225940090007645
44.9882.0614	-0.03642605577815764	0.3541146152320444	0.08575555709042632	0.07026903406257932	-0.5424932401330984	0.18800322179891263	-0.14765882510981376	-0.0700949569286006	-0.0217582600554532	-0.018671628598411212
44.9883.0614	0.8353035551828344	-0.17551775852318277	-0.06127558733200119	0.22838892279460385	-0.08533554706200476	0.07476412760456408	0.037066081835761815	0.010521459333356766	-0.1358085448103544	0.05691120685634238
44.9884.0614	-0.08554832099777113	-0.3261924197759623	-0.2842394654948683	-0.18981469692070935	-0.35516608941083117	0.25125505724899855	-0.09760297985070301	0.08130906137083081	0.045593309780309975	0.19976640507706697
44.9885.0614	-0.4242868095260782	-0.47579613120137865	-0.18929757311101897	0.022551796431471788	-0.18841334760003442	0.22598185463909903	-0.17987634505939887	0.09906886283167989	-0.13169416729304945	-0.03570333245735573
44.9886.0614	-0.2794801588611878	0.30938930538377774	0.46215579892115016	0.1254292948562479	-0.46213293347593226	0.048633088267704294	-0.06881621899865004	-0.2963136875995421	0.05094494603050333	-0.1418191982142204
44.9887.0614	0.7981020965031006	-0.24917911306452276	0.01658655426152904	0.28083434564228477	0.010569350566941237	0.06494386091269844	0.10752614021204263	-0.0693170587733372	-0.129318490221662	0.15506732769554626
44.9888.0614	0.9451624331439245	-0.35027664983405676	-0.0304496542988259	0.3281943433589575	-0.055936894816899	-0.15256635626856624	0.17442728724386863	-0.014907152222926535	-0.04643542010183965	-0.01554117016285561
44.9889.0614	-0.26369850470656325	0.31612069266545867	0.47950499173098815	0.11231963455903134	-0.457976458627565	0.052415842966810615	-0.06366447509082837	-0.2909638230861765	0.046756003266763546	-0.14817879839247022
44.9890.0614	-0.24663268934234636	-0.08584013236185843	-0.1431242739197437	-0.09282467518557436	-0.5895425550679797	0.18607170177413607	-0.11453702977598783	0.026533390126786044	-0.06075459290005295	0.1300846793232571
51.9939.0613	0.3599251107981963	0.14661864509242797	-0.5982283372466273	-0.2842036346655571	-0.16462767505495357	0.03825926134611663	0.18205364810649377	-0.032847571553973214	0.023954938203632058	-0.06071257802254252
51.9940.0613	0.27574182405513703	0.2391478509373962	-0.48383937887658773	-0.1891886671301081	-0.025833674804050123	0.13394026943178577	0.04584391758825188	0.07358793961663064	-0.08015365392383876	-0.014690841448852713
51.9942.0613	0.19016656366668133	0.20677188929185167	-0.5904571497797576	-0.3246312789011394	-0.11126527033208503	0.13062170560974062	0.12189076541184604	-0.0580406527968991	0.00525270259697107	-0.018699072562645126
51.9943.0613	0.21390128573947711	0.15604811425282353	-0.6078148273195721	-0.3181655875544495	-0.11584660264712805	0.03549258806185937	0.17254624397157337	-0.0675025469214138	-0.007624556527647227	-0.09228388554169477
51.9946.0613	0.4053884949839083	0.16983330326587617	-0.6401425468256539	-0.3187982662566091	-0.15726024451374657	0.1002495849413546	0.16115044377625054	-0.0772869026043319	0.0018978516300345758	0.024860141498858863
51.9947.0613	0.3625019270866021	0.23321563912479623	-0.5436317027386866	-0.25724399822432686	-0.059784861731127584	0.10614164573546536	0.08615652614291255	-0.0006860478344781124	-0.07014611635662314	-0.01007350599203371
51.9948.0613	0.23830305059447487	0.18164268683625817	-0.6724877187720943	-0.38524072876940196	-0.10948012681121488	0.12957333159122175	0.1324347981725102	-0.14866614893756827	-0.034896557078566495	0.03188857430685851
51.9949.0613	0.23285302677234462	0.10784255091215306	-0.5932362698663303	-0.28293503781116247	-0.10960858919843541	-0.04651247756527734	0.2027743963324682	-0.08494452677703847	-0.009452233850936968	-0.14082634481343312
51.9951.0613	0.07161400846020623	0.2590504834077501	-0.5181328414415899	-0.19636207352141485	0.10491245627096041	0.15377632621343668	0.09177634764681343	-0.12935819123932787	-0.1451627454175264	-0.06450434697526337
51.9953.0613	0.17875499966142994	0.15533179925069468	-0.6077816101005445	-0.3334991348056202	-0.13388199188398664	0.05045791356179086	0.15856916781494124	-0.05927855085935874	0.014607863383714309	-0.05035719201405239
52.9941.0620	0.22395166877840086	0.26741545515365717	-0.5331045351881898	-0.251388866871775	0.011701581238948646	0.1622575188508826	0.05590062201746656	-0.03017725665793211	-0.106285130224458	0.012769947473830957
52.9942.0620	0.3289978090182487	0.1793139923558733	-0.581439075118977	-0.2861160796844078	-0.11290580785173458	0.04461835693324061	0.154906461566538	-0.025074951529644722	-0.0063455569286678904	-0.05855465934918545
52.9944.0620	0.004105969468566002	0.6873755294230456	-0.2555297186671849	0.050519040431382	0.016353438873458217	0.00942844156088259	-0.11348565341007966	0.34886778763504483	-0.09310669991202142	0.041804222670352095
52.9945.0620	-0.2925193739467347	0.7890372199536481	-0.12525776428751176	0.3073095675451029	0.22172908129356092	-0.019428234143031037	0.08612214749855195	0.28624388368654313	0.027585923538651917	0.11807891656695423
52.9946.0620	-0.3263509708513942	0.7803670274279243	-0.1708930793106959	0.19285746388429773	0.17411958298618607	-0.04498087232522693	0.01690641295982532	0.2156397825431026	0.005589760436954385	0.08654328552202364
52.9947.0620	-0.00047377733389178774	0.5824082184267059	-0.33941470714199257	-0.048130531822082254	0.06995915983138652	0.05558775609469321	-0.07977320842172202	0.32254736039211185	-0.01894398768989788	0.02862441993388777
52.9948.0620	-0.24717091580610864	0.7688647213263353	-0.10843461796708316	0.269595400336663	0.0954517859078078	0.013523477521544066	-0.030294290192131642	0.2864255884212832	-0.017367948894177282	0.0740691093954088
52.9949.0620	-0.017770238931713315	0.7068600538896241	0.06481745073851057	0.2986182366188295	-0.11244617328213263	-0.14582336076263097	-0.2771954963818636	0.047362379918110084	-0.2930303879755029	-0.23739936841042625
52.9950.0620	-0.23604340787290443	0.7383200162477085	-0.0201364524022829	0.3817915911479348	0.27537995468786614	-0.0577113046642617	0.054505890880383205	0.2042189721779455	-0.05660066186445646	-0.009710697347883261
52.9951.0620	-0.2731855685123836	0.9417264175326978	0.2349373095063491	0.6597479233921063	0.0795316283140011	-0.15475821303958287	-0.028212581498478523	-0.067202778766203	-0.1716766762063944	0.053883448002844926
52.9952.0620	-0.09737662108058001	0.7498007429016448	0.11035261744369608	0.41380356117570455	0.02427057218732421	-0.1490983950938473	-0.20846612314114943	0.03337287651128657	-0.26838325308179095	-0.19578460606324316
52.9953.0620	-0.3186936054678686	0.9408619816003051	0.30692182311718386	0.6382830852122853	0.005843707245864198	-0.1793918534071282	0.04833294577182862	0.042052437973767974	-0.09086606748849461	0.12776499933261823
53.9940.0625	0.06773474215314014	-0.1497199964961461	0.15115026784165597	-0.08724880971983713	-0.3093160792694867	-0.37967013626835144	0.08479103685233927	0.08088383059927505	0.15034022377192113	-0.052826883808907606
53.9942.0625	-0.4931489934829441	-0.25677524099845583	-0.07020073179023872	-0.16448859158642085	-0.22926789208058654	0.15025330279936974	-0.22013299750214785	0.19288925761422665	0.047122238407301835	0.05419500637551284
53.9943.0625	-0.7226159500933642	0.03964928374622277	-0.07091334491942922	0.017065822132591987	-0.22752673139843857	0.1387695974792836	-0.07256127941773612	0.06504544102546975	0.020049825253415275	0.061822138818778294
53.9944.0625	-0.6377509957599312	-0.5284729273163044	-0.2924178777094298	0.14916537796784204	-0.058876835305299406	0.42180016184464714	-0.2968978945106609	0.07860209556438394	-0.23842033376647928	0.01076529993428607
53.9945.0625	-0.9104035911383563	-0.705494488351547	-0.11759018371638552	0.2940639084022189	0.02646233675264632	0.29465886606026004	0.011990553308721815	0.041954563074789966	-0.03368063755033275	0.07145217794636899
53.9946.0625	-0.9008361141897845	-0.7520036286373992	-0.11948734282526817	0.29845423359640094	0.04339677016306926	0.27798107504960085	0.0011770267435234206	0.01027676918418895	-0.07842894766049015	0.06273703475406706
53.9947.0625	0.971552526647868	0.017461004958778722	-0.34713993333867993	0.026388233325425805	-0.22033220951956597	0.28356000085663613	-0.16616546372854107	0.05659952341087324	-0.14450401061721765	0.2961320318310887
53.9948.0625	-0.8380876339837856	-0.6807872025465022	-0.14510561032945649	0.2694880522491937	0.06975217182559129	0.2979462276702367	-0.04598174793830435	0.014207778605962654	-0.09700720423897212	0.006869549960208001
53.9949.0625	0.23257074488768298	0.12884678308037717	-0.1652897578304005	-0.13724378621388672	-0.03892654656385647	0.049709187093141705	-0.3405108163251654	0.1263355437477127	0.022883794937135108	-0.2124982596573296
53.9950.0625	0.9676952007697196	-0.3456074459803652	-0.056470199354736204	0.34286056725218134	-0.06044285523159795	-0.184084811607219	0.2167833542710644	-0.000111883687976657	-0.04917134310040996	-0.03537240180589654
53.9951.0625	1.0171360294737721	-0.05882526099674077	-0.32412232084835535	0.07651788893683195	-0.13796869407996598	0.43499362710708733	-0.3376938523987093	-0.07354727711577712	0.10040471796014613	0.26679030324884023
53.9952.0625	0.041915990413373586	0.45864048012298325	0.2731425245227317	0.4743164467748557	0.1251091321710872	0.10976535285280424	-0.27177712389936903	-0.2915162725182748	-0.3312704324063591	-0.07132770231008669
53.9953.0625	1.0144263457614837	-0.030715572473285536	-0.3457656687373447	0.043244804671210314	-0.2031447404105105	0.344297126695992	-0.214456517367424	0.02888023016612334	-0.07117380085489546	0.29380002913473785
54.9939.0628	0.12081706895349698	0.30418100513374274	0.3784216498140451	-0.2701609708065013	-0.3952112948974764	0.030085298865853597	-0.04664138100463537	0.06980657866091318	0.0635614210159051	0.03411561224395005
54.9940.0628	0.233694332525856	0.367608897676611	0.46214994050624936	-0.2523396760038447	-0.4474480485566562	-0.03657499429430165	-0.1011363591676552	-0.06338548093958911	-0.05222161495698715	0.020881142586350467
54.9941.0628	0.23361651307085365	0.3780184773123215	0.4708438824408443	-0.397890156033108	-0.39780529980635937	0.11753930161713602	-0.04814421388015098	0.10225906406095078	-0.019825337725013395	0.019497917368354916
54.9942.0628	0.1801350982606131	0.21651364566347067	0.30611799771862697	-0.6434312638440071	-0.25894718859670723	0.3636238553861077	0.06838754990412076	0.3249118852950262	0.12832255643711973	0.01891939089412404
54.9944.0628	-0.8636523621887663	-0.01412897452239818	0.29027805547227836	0.4029659002639864	-0.48716293188474485	0.040479341457158674	0.03028708802422016	-0.483484980042838	0.12502734997927833	0.089898619050937
54.9945.0628	-0.8800733638049767	-0.4361175098009792	0.10641720383881714	0.21322667920672062	-0.08193390576874778	0.2935996148285831	0.02918187704989305	0.1540606864314086	-0.007592619950175447	-0.01808208358007788
54.9946.0628	-0.8995165119370954	-0.7166915090921191	-0.12351234201214353	0.31792497136113135	0.03458108296226355	0.3096804826103241	-0.02635930170084809	-0.012683396936559059	-0.013947414143666754	0.09086586847905576
54.9947.0628	0.32084533495028283	0.49896069617597855	1.1520193973182897	0.06186536233930285	-0.1783252991097224	0.4927317997913891	0.13484263478535674	-0.41253216078363775	-0.047108270794271746	-0.30582096619492477
54.9948.0628	-0.7277063790979191	0.1208714688564756	0.3146821964813946	0.3884340579434129	-0.4624042303103926	0.06278943879780625	0.07459480472864981	-0.4685341445207684	0.20636000076717348	0.05922954221021343
54.9949.0628	0.7934745428436665	-0.2326965688347805	0.0347528017460507	0.29525777208827336	0.027077137302289576	0.09867659107726406	0.08186521503501792	-0.08734046655318871	-0.08838002366094488	0.18602901208756775
54.9950.0628	0.9312134126269721	-0.34042079321989854	-0.03176399028569322	0.3205674616183696	-0.05819464363852563	-0.15526596198966583	0.20218336246708574	-0.01094015328971872	-0.05384225556345561	-0.012804263342021753
54.9951.0628	0.7866876060600715	-0.23459532271667846	0.04694487892758829	0.30787726636810275	0.017613369175019423	0.10696348367659396	0.10029622718600502	-0.08762356613225167	-0.10297401511616204	0.22502564751526255
54.9952.0628	0.8453544800596675	-0.1411871590298234	0.8002170678128325	-0.3177041198945041	0.1550677440177092	0.5335004653941164	0.4519096215326645	0.10863087891020158	-0.14715399870772566	-0.16837996634102387
54.9953.0628	0.7963429583293367	-0.24297932476283077	0.02824286921768485	0.29062465135672766	0.022127241024132653	0.0871046963076667	0.08659053046598443	-0.081089227178816	-0.10976268118366864	0.18011197565592896
61.9970.0627	0.03974807129306246	0.1819972491152812	-0.5384466099007987	-0.2454411442813065	0.060688753312496915	0.025681175435718694	0.1625101769089182	-0.13066725309972843	-0.07010777032997395	-0.167143178296736
62.9966.0704	-0.2925507364192811	0.6152318531034113	-0.23845748329693262	0.15054112086783428	0.1787251045288006	0.055090288464953396	-0.019961401471444228	0.2734125951796165	0.045771811866264694	0.028065985900392214
62.9967.0704	-0.5233074820011888	0.605223678630544	-0.073943287510281	0.2744435755825755	0.03875501673293734	-0.02139881796231092	0.10256589878865924	0.16357802453586642	0.14560699717435124	0.10251020139224776
62.9968.0704	-0.32161906347310787	0.7003576553457672	-0.21968487416543953	0.22306910190348272	0.2948784557539267	0.010615926675299847	-0.008905783593235106	0.21139120676667136	0.013148728936979924	-0.060178797206090526
62.9969.0704	-0.1963296009762025	0.6909475932557819	-0.24962074298224074	0.14787765390514243	0.16938362944934388	0.021223433556346923	-0.1296881203665121	0.3290034225057839	-0.035214549439654734	0.0037819473722450684
62.9970.0704	-0.4243469844501169	0.39433060922746294	-0.2627697987224006	0.19663549054544907	0.3887086590376685	-0.02565013013683692	0.1406765374218477	0.19688217321059412	0.14040941233746215	0.06263505997730612
62.9972.0704	-0.32358258521019784	0.8609770171045606	-0.006957417725507085	0.44526908773520946	0.2062771462402351	-0.09508012691545696	0.16697364876101797	0.18503682183966785	-0.028185063111819703	0.139919218964493
62.9973.0704	-0.3277281977749238	0.9805576846260267	0.07450660378411728	0.5604265304275778	0.1188177710871121	-0.15049128296848732	0.13864840273542653	0.09887961186346494	-0.12483943881263079	0.17631434826557624
62.9974.0704	-0.40221414513066023	0.8512088113728938	0.010307114326711542	0.4524089386287234	0.17045722301831154	-0.09913955592498533	0.1877013913997338	0.20143218213988134	0.02930496749441552	0.14010094627309905
62.9975.0704	-0.4908565673136982	0.8703575476024047	0.10074799011252651	0.47142510892982964	0.0833817001994358	-0.1817296500228924	0.1439767313264816	0.17149184041174814	0.07617389150265495	0.16640287273300292
63.9966.0709	0.20893663163067214	0.1858384875120322	0.010200341705548427	0.05524968989733728	0.25498637731132606	0.19418592701380932	-0.3731382216328399	0.02063362756038038	0.4195957484819548	-0.24524198349307527
63.9967.0709	-0.8783254952982529	-0.7569072215327576	-0.12395542508981146	0.3055263043731025	0.084752825241299	0.28432399226797	0.01980038421700998	-0.00621739600936217	-0.12092256057858938	0.027184529581358106
63.9968.0709	-0.8606595808674745	-0.7335737695531165	-0.1238444400162362	0.29874329705269603	0.08341994500329644	0.2901845274063258	0.005905643641455427	-0.0035809482782942293	-0.11122793465817271	0.016027686543548598
63.9969.0709	-0.8330104672658504	-0.7300002879453199	-0.11466083730352351	0.3035950937388368	0.10444735116738703	0.29309237604336125	-0.036265721608092584	-0.019171181940556795	-0.08807773275284606	0.00613015061299081
63.9970.0709	0.3285386781299154	0.021931868306966217	-0.005491832345278243	0.08336173896059956	0.25373649764459705	0.19329830948128449	-0.3324034613475776	-0.04047362961692435	0.3388299165207652	-0.3271042653471087
63.9971.0709	-0.26399239381321077	-0.554968788031438	-0.1644906517144324	0.054249411915499444	-0.12935514328536765	0.014526074211040366	-0.048531008951364925	0.05297861848151308	0.035575254291739945	-0.1980569680838089
63.9972.0709	0.5245719132574735	0.069502405061095	0.040974366825237085	0.17352001021103597	0.2369215408995292	0.29894976916628674	-0.36816282061729366	-0.05450838926837167	0.20466223805089687	-0.18330604444554802
63.9973.0709	0.8457787937585304	-0.028496884823284455	-0.12044744107791713	0.1510217353577155	0.044388537111855475	0.3753912440190174	-0.4229520791380567	-0.049501245079478964	0.22962176804261175	-0.06700214688095604
63.9974.0709	0.30943413035005385	0.1256568908630806	-0.09410275004807202	0.03525577607092826	0.014897696498345504	0.1762910654732292	-0.2638707162487407	0.05990045146105579	0.39572648268934796	-0.04884332236892778
63.9975.0709	0.17876910639080135	0.11574948635886491	-0.06540534354244934	-0.021279053337517853	0.15137451158849036	0.11756159336770174	-0.2798913858296871	0.04176111498558383	0.3956281938440099	-0.14813106883826396
64.9966.0712	0.8055910771567275	-0.1419973979788428	0.034679768329599826	0.4305091705407911	0.32834136962046684	0.26710562934955756	-0.349754813213566	-0.23939210659019394	0.2759672334075772	0.018755711103141882
64.9967.0712	-0.8355746995310466	-0.6004756918544288	-0.042384543718605144	0.27870955202328745	0.0004001451188979514	0.29736475754409725	0.006803745721306451	0.06747280970295476	-0.07317013617107092	-0.0076257407915878705
64.9968.0712	-0.8101807702683315	-0.6742493990722407	-0.08436441445785006	0.2786423572842564	0.06765744682527522	0.2884742969817548	0.019549873848265967	0.01398529402840859	-0.08756113006754097	0.016115188660770392
64.9969.0712	-0.5865277062584078	-0.664408154018438	-0.1382154807282885	0.179365356633212	-0.03547288423588053	0.12543195206521063	-0.012495535597144133	0.05467737014009583	-0.13398020883177936	-0.15886507951220422
64.9970.0712	0.8113738114010264	-0.0946450812908703	-0.21811505033674333	0.039711741366610175	-0.08362454005600317	0.049791003869825254	-0.21927717626398643	0.10610795496548439	0.01154335554377998	-0.22088078105824824
64.9971.0712	-0.5382849042994752	-0.6693299298276215	-0.16709898015071573	0.17845564596547342	-0.0660702269326424	0.05833697876141015	-0.00855402760372262	0.05563914897592728	-0.1594712051458542	-0.17316487386035523
64.9972.0712	0.8991111634559001	-0.28289767369371044	-0.033746096739714855	0.34854491388417447	0.08741762864458154	0.08212362518545478	-0.17180301349788152	-0.1151589863158889	0.1895086375698041	-0.1068740097676486
64.9973.0712	0.2887928333123235	-0.14459789222310607	-0.12922850300809338	0.00037128001787146026	-0.044037115914167244	0.2518175772759457	-0.29749712771025916	0.038473294874447506	0.43502283406682835	-0.0774029274511237
64.9974.0712	0.7619250146853258	-0.20765904585914002	-0.10514010462500199	0.18506232534003408	-0.03295428981096806	-0.05309268309870733	-0.049122563080525344	0.07336965480654618	0.19807015349317192	-0.24601631340834929
64.9975.0712	0.869540668958355	-0.2673667497551476	-0.029828902131693147	0.34442373759692324	0.1021133199492673	0.10944823834862144	-0.19073877414140117	-0.12473887422165879	0.20048822791856957	-0.09819223373218196
72.100.0808	-0.31327306973703106	0.15021422416347	-0.26932978777431105	-0.04883967517248846	0.4863500376740803	-0.02033849181577163	0.26784499164532777	-0.2501711850986448	0.07019743623404288	0.07536412227112635
72.101.0808	-0.4385114521802423	0.044494529860279915	-0.28606069599454437	-0.11794931982214106	0.49341584002805655	-0.051526969836706696	0.2032695234050095	-0.2631991259816607	0.04777900036915654	-0.030926309853972715
72.103.0808	-0.15738132806682634	0.03317187649085176	-0.2893356891745707	-0.17660071971810565	0.3407421045538708	-0.24593498407477285	0.23097199348234854	-0.2294749255542613	-0.0319436497966979	-0.1129167785329578
72.105.0808	-0.44770638670281565	-0.045218620274915224	-0.26420607022779424	-0.18734405393330686	0.4715372927806433	-0.11589830833943371	0.16958228640937995	-0.27904880087279543	-0.037406038386965636	-0.039740037365923984
72.111.0808	-0.5416987560296301	-0.12125914911729398	-0.11976894044314325	0.05233485389629695	0.3505991527164454	-0.010298491194027436	0.09979037252422587	-0.06052818145831433	0.1588767993546125	0.15071903867608594
72.112.0808	-0.5632129424477815	-0.18262779821977995	-0.15432098019622667	0.05484437717620265	0.2979173260801879	0.009814952724649231	0.12134244452162267	-0.041867055883846205	0.10132611387296173	0.12363102624093944
72.113.0808	-0.5749009391573714	-0.15734894281937306	-0.15846966031604362	0.049090302965351336	0.3473486052506181	-0.0029929848746454092	0.03610006652713374	-0.07329159044161562	0.0733968063164745	0.07439423641337377
72.99.0808	-0.3270071812059057	0.08390492315884163	-0.19221433671618418	-0.17396982622521315	0.4510894744791201	-0.1404704903638309	0.19038364552321907	-0.2273283374889469	0.055880146693237334	0.04928930849711186
73.100.0813	-0.23034831155028443	-0.5846390366227362	0.10760669591860555	-0.26913330735419355	-0.04041472482262666	-0.28134609192960874	-0.04567647033376759	0.07772607569280912	-0.060969481051104814	-0.008770274163581797
73.101.0813	-0.631668291721445	-0.5364525525547014	-0.0644809095605738	-0.054084825529054394	0.10338721398605966	-0.06583244845424158	-0.027393088049956105	0.05683804568582437	-0.09917753610990099	-0.041959250879588385
73.102.0813	-0.538826061286215	-0.5183634278320622	0.018338637182172088	-0.15864741859003975	0.08389197989483324	-0.08396688145878475	-0.05573336085573635	0.0626381118704086	-0.02137629859925536	0.017427499919806824
73.103.0813	-0.2565566078032617	-0.42334740519143793	-0.0007612094339029781	-0.261464239674634	0.01444045025352853	-0.22692128636866093	0.042859541815799505	0.04118083719642935	0.11301493276631026	-0.005463148572434444
73.104.0813	-0.052729204653378964	-0.5329780234468496	0.07941262140769283	-0.2472463653341981	-0.10195248063170899	-0.3252786967973343	0.05635537275258626	0.05446208893210892	0.05932689283317114	0.018319411800552996
73.105.0813	-0.40351808316114673	-0.4543387945006925	-0.005959336268567526	-0.2533194259647232	0.06046620706231424	-0.1874602895759442	0.0006906986744722301	0.030297026837812446	0.030992596271544624	0.0041102791269623145
73.106.0813	0.9644771339298724	-0.35143719634027054	-0.051651295899034354	0.3338405228094551	-0.0630359786069547	-0.20539565276971342	0.23227052975234452	0.0037465888933372756	-0.057232320508978834	-0.018982922814077735
73.107.0813	-0.13338212740750816	-0.6299497543497994	-0.17678316373745043	0.06854349502699109	-0.2183679769495372	-0.11552229761565397	0.1445128133233198	0.06448354494178653	0.013830715990201846	-0.11701093064232002
73.111.0813	0.5241662911694971	-0.05081628738357329	0.251192884757081	-0.08956249210350725	0.4008177849240938	-0.01831841039987455	-0.3669540028997658	-0.067629309763271	0.18143374228018835	-0.05933287362039898
73.112.0813	0.8148913755858378	-0.21432412625792285	0.06102775467848063	0.1532469536712426	0.18011632875444475	-0.06666090575381901	-0.19611248373579507	-0.06624915044316408	0.24518290747312033	-0.22408858156974534
73.113.0813	0.9379535713029808	-0.30093370610348075	-0.06031972800085332	0.2834680007610146	-0.03580291299416736	-0.2278935276743832	0.16682511654831164	0.028653316135225735	-0.0403404533486502	-0.04034511248042469
73.98.0813	0.11614932638237958	-0.4667446921160367	0.14817706309682885	-0.2867142795683971	-0.10069392595849108	-0.3676733518282936	0.09534530357802441	0.05334139097148109	0.12427711952082716	0.03530176515402821
74.100.0816	-0.09847863024345588	-0.3454477845947649	0.15352882093752782	-0.28827885348279264	0.004819809268378138	-0.1506911301998026	-0.056524928773725766	0.005391397421093007	0.17024771491979343	0.1816865355651452
74.101.0816	-0.09438370047072181	-0.21674276608342016	0.33057461146172196	-0.46924501756417675	0.2174710325977755	-0.2167340793544847	-0.10222644866807253	0.010113119719040418	0.1901758971180828	0.21448444399705788
74.102.0816	-0.26528603220857483	-0.4652006401273774	0.18115952967967702	-0.30884186236423194	0.014045129387202924	-0.11631918050024578	-0.09423794541167844	0.02560453291172068	0.0007762079610996784	0.18847772147084269
74.103.0816	-0.17835848020400624	-0.41819761654186144	0.10607051717504352	-0.243658061971552	-0.039625469397774664	-0.08588573284305297	-0.01886543691580633	0.01588722189900893	0.12196734822375531	0.15993390094965768
74.105.0816	-0.148600621410437	-0.4039244291602783	0.08893156795634045	-0.22978161583611384	-0.04615836552310391	-0.08496517433790152	0.0027509101144260997	0.008831110886363448	0.13041686076246312	0.16325611556028916
74.106.0816	-0.5390091714450141	-0.5075115099666507	0.18728002215594203	-0.17308817678616809	0.11608337671173358	-0.07020634837574953	-0.20308038293721853	0.03514004290379856	-0.12289823944246701	0.018029164671797524
74.107.0816	-0.44957025820075425	-0.6619366452335386	-0.17152240801683707	0.1389612506322691	-0.10461856203703292	0.005419368887090187	-0.0006767751619246288	0.07176679525149467	-0.14082540481449357	-0.18707344829407152
74.108.0816	-0.31919581160512384	-0.6523288185378664	-0.175530128522236	0.09321433011755981	-0.16105684226446543	-0.04910557685462896	0.0437256810371153	0.08070858774265051	-0.09427965695046531	-0.1734412679764606
74.109.0816	-0.5341634979124481	-0.5141996785244943	0.12158375776871001	-0.11739593217919389	0.09091584385299006	-0.06395603918790554	-0.20344396052544192	0.03126512134843367	-0.12017080916211528	0.011069792048594882
74.110.0816	0.5814425138249364	-0.0650331095289415	0.17811141403469863	0.2467943905383659	0.4045719034437705	0.23241641873781152	-0.20617084714532088	-0.14018424919299954	0.14149849542896797	-0.05437989751986695
74.111.0816	0.8092672389591054	-0.3072145219942074	-0.05822582530832626	0.2929113073433783	-0.07408594633057469	-0.1794817462486119	0.22383129568480375	0.05169011251855223	0.05706631029765754	-0.10276630364922858
74.113.0816	-0.6755237725766177	-0.625683663192706	-0.03913368707435387	0.0675350220749926	0.07491259282393305	0.027028743042558156	-0.08906132717617857	0.03720096887971206	-0.14187353573896125	-0.007554676991836202
74.98.0816	0.047780502507677944	-0.3441641025783715	0.10360939479571762	-0.21113791829950715	-0.04723852418257763	-0.1394617099027969	0.03587624338141641	-0.02060062538118532	0.14020664484749681	0.20768170923433732
74.99.0816	0.28903924404641657	-0.25755506984372994	0.20477339993893634	-0.20847111863643028	0.021035012862899917	-0.18824596710883235	0.012844636127479563	0.03884818738760511	0.13582676684245548	0.2419676349702078
75.106.0819	-0.44447849797274586	-0.48833051722058685	0.1924853961244672	-0.23631631768037487	0.08301958612015607	-0.0962749322399285	-0.1884661465891693	0.035303025239032705	-0.10297282349502283	0.03529494344860567
75.108.0819	-0.424554609155442	-0.45826519307567776	0.24060738568576936	-0.27004821053106587	0.09188786752961008	-0.09285422818133691	-0.19124464204596475	0.02248593844978954	-0.08486662616283437	0.044451100886970456
75.109.0819	-0.4366623832648572	-0.5006456615110495	0.2043640314865396	-0.2567084384530161	0.07977505027739298	-0.09848935221593455	-0.17969956711965884	0.04261454166167238	-0.10724548265648604	0.03879539145268787
75.113.0819	-0.48135677789705256	-0.5380699409770153	0.06187531020020176	-0.11435702242162595	0.05404583600912179	-0.09414675951319765	-0.18433715107068374	0.038185876707652305	-0.11589788093015375	0.0317221706873831
75.116.0819	0.2510184909060879	-0.13444864361146353	-0.1537853668259605	-0.18984186571995926	-0.13646418949208264	-0.1340732686517144	-0.02369442195284315	0.17847339028928258	0.16260058167012273	-0.052397690739898015
75.99.0819	0.4563435074073449	-0.2272698036207289	0.05041712123188426	0.024567735686982037	0.01710269282230412	-0.28102605558556176	0.0712012919008891	0.09421335303175812	0.1201042472543261	-0.05970513979760798
EW.LF.Fiber	0.9518910409271691	-0.04521121212764282	0.20739185311371477	-0.40774647049689366	-0.08461605261197959	0.4648360271939271	-0.014370421805670488	0.15858644225008917	-0.18308291064520307	0.01696181144680927
EW.LF.Pure	1.0197271458963162	-0.19453886397280518	-0.1372323497409459	-0.0063227073285468645	-0.13335743006087405	-0.04816207570002235	-0.030458617130311033	0.10527420645634422	-0.09804474178485362	-0.02454333422996201
EW.WD	0.9580492380835378	-0.1854431292962088	-0.14624272132103638	0.021953486048096195	-0.0926844845539172	-0.06782433631070475	-0.03762308781251481	0.11866861433964586	-0.08970474782483757	-0.0901875100565659
EW.WD.Fiber	0.851409315543053	-0.0690972389311988	0.36590009163138426	-0.34864027456470054	0.03559233804689835	0.47352241313663923	0.016133556548104222	0.16704376975700783	-0.23107764827279548	-0.10056965853916952
Mock_6	-0.6834877227070819	-0.14479671445025213	0.2713783098349198	0.07990474932614108	-0.24518759858619296	-0.1116265402153324	-0.12251634401404123	-0.05934584508467567	-0.09125724427796124	0.05217691053928631
Mock20220615A	0.06536732564450982	0.46383801829000476	-0.3654033050521549	-0.45526593177675667	-0.15989254114972037	-0.015503897140295372	-0.11019137388296327	-0.0718874389084154	-0.04582566503289627	0.09813605661795573
PCR Blank1	0.8159406185945295	-0.13506401102110102	0.8168066686314803	0.033090783003945724	0.8218713363977047	0.5731133792075298	0.4388253201032859	-0.10133143207086868	-0.35974158310940824	0.3947683325825107
